{
    "success": true,
    "terms": "https:\/\/currencylayer.com\/terms",
    "privacy": "https:\/\/currencylayer.com\/privacy",
    "timestamp": 1519550765,
    "source": "USD",
        "quotes": {
        "USDAED": 3.672504,
        "USDAFN": 68.820404,
        "USDALL": 107.050003,
        "USDAMD": 480.130005,
        "USDANG": 1.780403,
        "USDAOA": 212.809998,
        "USDARS": 19.948999,
        "USDAUD": 1.274304,
        "USDAWG": 1.78,
        "USDAZN": 1.699604,
        "USDBAM": 1.592604,
        "USDBBD": 2,
        "USDBDT": 82.870003,
        "USDBGN": 1.590204,
        "USDBHD": 0.376704,
        "USDBIF": 1750.97998,
        "USDBMD": 1,
        "USDBND": 1.318041,
        "USDBOB": 6.860399,
        "USDBRL": 3.237204,
        "USDBSD": 1,
        "USDBTC": 0.000104,
        "USDBTN": 64.250398,
        "USDBWP": 9.500704,
        "USDBYN": 1.950398,
        "USDBYR": 19600,
        "USDBZD": 1.997804,
        "USDCAD": 1.262604,
        "USDCDF": 1565.50392,
        "USDCHF": 0.936204,
        "USDCLF": 0.021704,
        "USDCLP": 590.000361,
        "USDCNY": 6.332804,
        "USDCOP": 2843,
        "USDCRC": 565.820007,
        "USDCUC": 1,
        "USDCUP": 26.5,
        "USDCVE": 89.690002,
        "USDCZK": 20.610001,
        "USDDJF": 176.830002,
        "USDDKK": 6.05497,
        "USDDOP": 48.880001,
        "USDDZD": 113.837997,
        "USDEGP": 17.639999,
        "USDERN": 15.290392,
        "USDETB": 27.200001,
        "USDEUR": 0.813204,
        "USDFJD": 1.99604,
        "USDFKP": 0.715504,
        "USDGBP": 0.71576,
        "USDGEL": 2.456904,
        "USDGGP": 0.715957,
        "USDGHS": 4.458504,
        "USDGIP": 0.715704,
        "USDGMD": 46.799999,
        "USDGNF": 8990.000355,
        "USDGTQ": 7.33604,
        "USDGYD": 203.830002,
        "USDHKD": 7.822304,
        "USDHNL": 23.54204,
        "USDHRK": 6.036304,
        "USDHTG": 63.840388,
        "USDHUF": 254.320007,
        "USDIDR": 13663,
        "USDILS": 3.482304,
        "USDIMP": 0.715957,
        "USDINR": 64.888702,
        "USDIQD": 1184,
        "USDIRR": 37210.000352,
        "USDISK": 100.400002,
        "USDJEP": 0.715957,
        "USDJMD": 125.470001,
        "USDJOD": 0.706804,
        "USDJPY": 106.795998,
        "USDKES": 101.650002,
        "USDKGS": 67.910004,
        "USDKHR": 3986.000351,
        "USDKMF": 398.899994,
        "USDKPW": 900.00035,
        "USDKRW": 1075.503792,
        "USDKWD": 0.299504,
        "USDKYD": 0.820383,
        "USDKZT": 319.859985,
        "USDLAK": 8281.700195,
        "USDLBP": 1505.400024,
        "USDLKR": 155.100006,
        "USDLRD": 129.699997,
        "USDLSL": 11.535039,
        "USDLTL": 3.048704,
        "USDLVL": 0.62055,
        "USDLYD": 1.331504,
        "USDMAD": 9.205039,
        "USDMDL": 16.594999,
        "USDMGA": 3115.000347,
        "USDMKD": 49.900002,
        "USDMMK": 1336.000346,
        "USDMNT": 2391.000346,
        "USDMOP": 8.053404,
        "USDMRO": 350.000346,
        "USDMUR": 32.900002,
        "USDMVR": 15.340378,
        "USDMWK": 713.450012,
        "USDMXN": 18.525999,
        "USDMYR": 3.917039,
        "USDMZN": 60.790001,
        "USDNAD": 11.531039,
        "USDNGN": 358.000344,
        "USDNIO": 30.850377,
        "USDNOK": 7.838704,
        "USDNPR": 103.524002,
        "USDNZD": 1.371104,
        "USDOMR": 0.384804,
        "USDPAB": 1,
        "USDPEN": 3.245804,
        "USDPGK": 3.145039,
        "USDPHP": 51.799999,
        "USDPKR": 110.400002,
        "USDPLN": 3.394038,
        "USDPYG": 5563.000341,
        "USDQAR": 3.639804,
        "USDRON": 3.782304,
        "USDRSD": 95.587601,
        "USDRUB": 56.375038,
        "USDRWF": 841.130005,
        "USDSAR": 3.749804,
        "USDSBD": 7.764504,
        "USDSCR": 13.360372,
        "USDSDG": 17.910372,
        "USDSEK": 8.16485,
        "USDSGD": 1.31848,
        "USDSHP": 0.715704,
        "USDSLL": 7630.000339,
        "USDSOS": 562.000338,
        "USDSRD": 7.403664,
        "USDSTD": 19930,
        "USDSVC": 8.75037,
        "USDSYP": 514.97998,
        "USDSZL": 11.531604,
        "USDTHB": 31.379999,
        "USDTJS": 8.823304,
        "USDTMT": 3.41,
        "USDTND": 2.403646,
        "USDTOP": 2.212304,
        "USDTRY": 3.790368,
        "USDTTD": 6.720704,
        "USDTWD": 29.238001,
        "USDTZS": 2246.000336,
        "USDUAH": 26.940001,
        "USDUGX": 3647.000335,
        "USDUSD": 1,
        "USDUYU": 28.450001,
        "USDUZS": 8170.000335,
        "USDVEF": 28925.000334,
        "USDVND": 22739,
        "USDVUV": 106.449997,
        "USDWST": 2.495604,
        "USDXAF": 532.929993,
        "USDXAG": 0.060445,
        "USDXAU": 0.000752,
        "USDXCD": 2.703606,
        "USDXDR": 0.689371,
        "USDXOF": 532.929993,
        "USDXPF": 97.6036,
        "USDYER": 249.850006,
        "USDZAR": 11.539804,
        "USDZMK": 9001.203593,
        "USDZMW": 9.720363,
        "USDZWL": 322.355011
    }
}